,City,Lat,Lng,Max Temp,Humidity,Cloudiness,Wind Speed,Country,Date
0,bluff,-46.6,168.33,39.99,86.0,71.0,7.0,NZ,1600190339.0
2,bambous virieux,-20.34,57.76,66.2,77.0,75.0,19.46,MU,1600190601.0
3,lebu,-37.62,-73.65,54.25,83.0,97.0,10.65,CL,1600190438.0
4,yabelo,4.88,38.08,69.22,49.0,67.0,12.95,ET,1600190601.0
6,butaritari,3.07,172.79,83.41,75.0,36.0,20.65,KI,1600190439.0
7,puerto ayacucho,5.66,-67.62,87.8,58.0,20.0,2.46,VE,1600190439.0
8,port alfred,-33.59,26.89,59.38,70.0,100.0,15.9,ZA,1600190602.0
9,tasiilaq,65.61,-37.64,35.6,94.0,90.0,25.28,GL,1600190602.0
10,ponta do sol,32.67,-17.1,77.0,65.0,20.0,4.7,CV,1600190473.0
11,albany,42.6,-73.97,62.01,47.0,0.0,3.4,AU,1600190602.0
12,vaini,-21.2,-175.2,71.6,83.0,40.0,5.82,TO,1600190440.0
13,ushuaia,-54.8,-68.3,37.4,74.0,75.0,18.34,AR,1600190493.0
14,nishihara,26.18,127.76,80.6,88.0,20.0,5.82,JP,1600190440.0
15,rikitea,-23.12,-134.97,73.24,76.0,7.0,6.64,PF,1600190338.0
16,senanga,-16.12,23.27,79.92,15.0,0.0,5.06,ZM,1600190603.0
17,saskylakh,71.92,114.08,44.82,81.0,42.0,5.53,RU,1600190603.0
18,saldanha,-33.01,17.94,59.0,47.0,0.0,9.17,ZA,1600190603.0
19,yinchuan,38.47,106.27,61.05,29.0,0.0,7.4,CN,1600190441.0
20,kyaikkami,16.08,97.57,81.3,82.0,96.0,6.22,MM,1600190441.0
21,kapaa,22.08,-159.32,78.8,74.0,1.0,9.17,US,1600190441.0
22,thompson,55.74,-97.86,46.4,75.0,75.0,8.05,CA,1600190461.0
23,miandrivazo,-19.52,45.47,79.92,60.0,31.0,10.92,MG,1600190604.0
24,miquelon,47.1,-56.38,59.0,58.0,90.0,17.22,PM,1600190442.0
26,eureka,40.8,-124.16,66.2,68.0,1.0,3.36,US,1600190605.0
27,comodoro rivadavia,-45.87,-67.5,57.2,35.0,40.0,12.75,AR,1600190605.0
28,marstal,54.86,10.52,71.6,73.0,100.0,4.7,DK,1600190605.0
29,goderich,43.75,-81.72,64.99,64.0,5.0,20.42,SL,1600190443.0
30,ostersund,63.18,14.64,48.2,93.0,90.0,10.29,SE,1600190443.0
31,brae,60.4,-1.35,53.6,100.0,90.0,16.11,GB,1600190444.0
32,cape town,-33.93,18.42,59.0,66.0,75.0,9.17,ZA,1600190489.0
33,meulaboh,4.14,96.13,77.32,84.0,99.0,4.05,ID,1600190444.0
34,bredasdorp,-34.53,20.04,53.6,66.0,56.0,3.36,ZA,1600190342.0
35,dingle,11.0,122.67,75.31,93.0,100.0,3.71,IE,1600190448.0
36,teluk nibung,3.0,99.82,78.73,87.0,100.0,5.86,ID,1600190445.0
37,hilo,19.73,-155.09,71.6,78.0,1.0,5.82,US,1600190606.0
38,castro,-24.79,-50.01,72.39,52.0,94.0,9.51,CL,1600190552.0
39,upernavik,72.79,-56.15,28.11,81.0,0.0,11.3,GL,1600190607.0
40,chuy,-33.7,-53.46,59.0,60.0,30.0,6.17,UY,1600190607.0
42,inhambane,-23.86,35.38,77.0,83.0,40.0,13.87,MZ,1600190607.0
43,bayangol,50.7,103.47,35.2,91.0,61.0,3.24,RU,1600190607.0
44,uvinza,-5.1,30.39,77.61,37.0,70.0,4.36,TZ,1600190607.0
45,khatanga,71.97,102.5,50.56,82.0,100.0,6.62,RU,1600190608.0
46,arraial do cabo,-22.97,-42.03,77.0,78.0,40.0,17.22,BR,1600190608.0
47,inowroclaw,52.8,18.26,75.99,57.0,88.0,4.7,PL,1600190608.0
48,mataura,-46.19,168.86,39.99,86.0,86.0,8.01,PF,1600190447.0
50,qaanaaq,77.48,-69.36,24.98,84.0,0.0,5.28,GL,1600190475.0
51,dikson,73.51,80.55,44.47,89.0,100.0,22.66,RU,1600190370.0
52,jamestown,42.1,-79.24,64.0,58.0,1.0,6.93,SH,1600190609.0
53,saint-philippe,-21.36,55.77,68.0,60.0,75.0,8.05,RE,1600190331.0
54,chokurdakh,70.63,147.92,37.94,90.0,90.0,7.96,RU,1600190332.0
55,mahebourg,-20.41,57.7,66.2,77.0,75.0,19.46,MU,1600190449.0
56,carnarvon,-24.87,113.63,68.0,100.0,0.0,18.34,AU,1600190609.0
57,pacific grove,36.62,-121.92,62.6,77.0,20.0,4.14,US,1600190605.0
58,pevek,69.7,170.31,40.14,86.0,94.0,4.74,RU,1600190610.0
59,yuzhno-sukhokumsk,44.66,45.64,72.86,32.0,6.0,6.78,RU,1600190610.0
60,maxixe,-23.86,35.35,77.0,83.0,40.0,13.87,MZ,1600190610.0
61,port elizabeth,-33.92,25.57,59.0,72.0,75.0,11.41,ZA,1600190610.0
62,geraldton,-28.77,114.6,59.0,87.0,75.0,3.36,AU,1600190611.0
63,muswellbrook,-32.27,150.9,55.0,82.0,0.0,1.36,AU,1600190611.0
64,demirci,39.05,28.66,82.0,10.0,52.0,58.0,TR,1600190611.0
66,hermanus,-34.42,19.23,53.01,75.0,39.0,10.54,ZA,1600190327.0
67,huntsville,34.73,-86.59,80.01,78.0,90.0,10.13,US,1600190611.0
68,skelleftea,64.75,20.95,53.6,62.0,40.0,4.7,SE,1600190452.0
69,wuwei,37.93,102.64,54.73,37.0,0.0,1.59,CN,1600190612.0
70,tuktoyaktuk,69.45,-133.04,30.2,92.0,90.0,14.99,CA,1600190612.0
72,beroroha,-21.67,45.17,79.84,46.0,70.0,2.59,MG,1600190612.0
73,baghmara,23.8,86.21,82.0,78.0,100.0,6.53,IN,1600190453.0
74,yaan,7.38,8.57,78.82,88.0,73.0,2.53,CN,1600190454.0
76,hithadhoo,-0.6,73.08,82.15,68.0,32.0,5.84,MV,1600190462.0
77,digby,44.62,-65.77,57.0,65.0,0.0,4.0,CA,1600190613.0
78,humberto de campos,-2.6,-43.46,96.04,33.0,51.0,6.31,BR,1600190613.0
79,archidona,37.1,-4.39,81.0,67.0,0.0,3.0,EC,1600190614.0
80,busselton,-33.65,115.33,53.01,73.0,58.0,11.81,AU,1600190462.0
82,salym,60.06,71.48,54.03,88.0,59.0,7.02,RU,1600190614.0
83,jumla,29.27,82.18,61.14,69.0,96.0,1.12,NP,1600190614.0
84,puerto escondido,15.85,-97.07,86.0,62.0,40.0,4.7,MX,1600190614.0
87,atuona,-9.8,-139.03,78.19,74.0,0.0,16.2,PF,1600190615.0
88,winton,37.39,-120.61,71.6,53.0,1.0,10.29,NZ,1600190380.0
89,kharp,66.8,65.81,46.76,93.0,84.0,1.66,RU,1600190615.0
90,florianopolis,-27.61,-48.5,66.99,55.0,75.0,4.7,BR,1600190458.0
91,waw,7.7,28.0,76.06,84.0,25.0,2.06,SD,1600190616.0
92,bafoulabe,13.81,-10.83,90.91,64.0,82.0,1.16,ML,1600190458.0
93,turukhansk,65.82,87.98,50.95,81.0,50.0,9.93,RU,1600190616.0
94,yellowknife,62.46,-114.35,30.99,46.0,20.0,17.22,CA,1600190443.0
95,lasa,46.62,10.7,68.0,77.0,5.0,3.36,CN,1600190460.0
96,georgetown,5.41,100.34,80.6,83.0,20.0,2.77,SH,1600190437.0
97,russell,32.35,-85.2,84.2,69.0,90.0,13.87,NZ,1600190459.0
99,inirida,3.87,-67.92,92.44,52.0,91.0,2.68,CO,1600190459.0
100,heidelberg,-26.5,28.36,69.01,37.0,53.0,7.47,ZA,1600190617.0
101,east london,-33.02,27.91,59.0,77.0,40.0,5.82,ZA,1600190357.0
102,awbari,26.59,12.78,90.23,18.0,0.0,11.61,LY,1600190460.0
103,kuminskiy,58.67,66.57,51.64,95.0,100.0,8.63,RU,1600190617.0
104,husavik,66.04,-17.34,53.6,54.0,75.0,6.93,IS,1600190618.0
105,temascalcingo,19.92,-100.0,73.99,71.0,67.0,5.99,MX,1600190618.0
106,kamaishi,39.27,141.88,66.58,82.0,100.0,1.66,JP,1600190461.0
109,kingsville,27.52,-97.86,84.2,74.0,90.0,8.05,US,1600190618.0
110,araguari,-18.65,-48.19,90.05,19.0,0.0,10.89,BR,1600190462.0
111,killybegs,54.63,-8.45,68.0,82.0,75.0,2.24,IE,1600190463.0
112,zabol,32.25,67.25,62.33,27.0,0.0,5.28,IR,1600190619.0
113,calvinia,-31.47,19.78,51.37,48.0,10.0,9.08,ZA,1600190619.0
114,bogdand,47.42,22.93,73.4,68.0,23.0,4.7,RO,1600190619.0
115,laguna,38.42,-121.42,69.01,68.0,1.0,3.94,BR,1600190459.0
116,puerto ayora,-0.74,-90.35,75.2,60.0,40.0,19.46,EC,1600190620.0
118,broome,42.25,-75.83,62.01,47.0,20.0,4.7,AU,1600190620.0
119,whitehorse,60.72,-135.05,39.2,64.0,75.0,13.87,CA,1600190620.0
120,ust-kuyga,70.02,135.6,39.58,81.0,46.0,3.33,RU,1600190620.0
121,plaster rock,46.91,-67.39,57.2,41.0,1.0,9.17,CA,1600190621.0
122,cidreira,-30.18,-50.21,60.44,66.0,89.0,21.12,BR,1600190465.0
123,kirovsk,48.64,38.64,65.05,56.0,0.0,5.57,RU,1600190621.0
124,apud,13.14,123.29,79.63,87.0,100.0,9.53,PH,1600190590.0
125,punta arenas,-53.15,-70.92,41.0,64.0,40.0,32.21,CL,1600190370.0
126,henties bay,-22.12,14.28,55.99,81.0,0.0,5.99,NA,1600190472.0
127,ferrol,43.48,-8.24,73.99,70.0,69.0,4.0,ES,1600190622.0
128,talnakh,69.49,88.4,55.4,71.0,40.0,13.42,RU,1600190622.0
129,tilichiki,60.47,166.1,37.69,92.0,32.0,5.41,RU,1600190622.0
130,san cristobal,7.77,-72.22,93.2,36.0,20.0,13.87,EC,1600190622.0
131,dukhovnitskoye,52.48,48.21,55.24,67.0,68.0,16.2,RU,1600190622.0
132,nova olimpia,-14.8,-57.29,105.71,15.0,3.0,4.7,BR,1600190623.0
133,clyde river,70.47,-68.59,37.4,74.0,90.0,9.17,CA,1600190510.0
135,dwarka,22.24,68.97,82.9,82.0,99.0,12.44,IN,1600190623.0
136,mobaye,4.32,21.18,71.06,93.0,33.0,1.12,CF,1600190468.0
137,north bend,43.41,-124.22,69.8,68.0,1.0,4.7,US,1600190469.0
138,makakilo city,21.35,-158.09,75.2,83.0,1.0,3.36,US,1600190469.0
139,new norfolk,-42.78,147.06,50.0,69.0,100.0,1.99,AU,1600190344.0
140,victoria,22.29,114.16,84.0,83.0,86.0,8.01,SC,1600190579.0
142,katherine,-14.47,132.27,82.4,28.0,90.0,4.7,AU,1600190469.0
143,adre,13.47,22.2,71.46,77.0,97.0,6.06,TD,1600190470.0
144,samarai,-10.62,150.67,78.58,87.0,40.0,14.74,PG,1600190359.0
145,sines,37.96,-8.87,73.0,77.0,25.0,5.01,PT,1600190625.0
146,taoudenni,22.68,-3.98,112.46,7.0,19.0,19.24,ML,1600190625.0
147,cap-aux-meules,47.38,-61.86,55.4,58.0,75.0,12.75,CA,1600190471.0
149,hobart,-42.88,147.33,51.8,62.0,100.0,14.99,AU,1600190467.0
151,mirnyy,62.54,113.96,42.8,75.0,0.0,4.47,RU,1600190484.0
152,cherskiy,68.75,161.3,39.88,81.0,100.0,4.68,RU,1600190626.0
153,ilulissat,69.22,-51.1,46.4,42.0,75.0,18.34,GL,1600190626.0
154,kuching,1.55,110.33,73.4,100.0,40.0,4.7,MY,1600190626.0
155,alugan,12.22,125.48,81.01,82.0,100.0,7.38,PH,1600190472.0
156,filadelfia,39.95,-75.16,66.99,48.0,75.0,8.05,PY,1600190436.0
157,portales,34.19,-103.33,79.0,41.0,1.0,11.41,US,1600190472.0
158,psebay,44.12,40.81,59.99,62.0,0.0,3.0,RU,1600190473.0
159,zhigalovo,54.81,105.16,41.92,89.0,69.0,0.96,RU,1600190627.0
160,komsomolskiy,40.43,71.72,66.2,42.0,0.0,4.7,RU,1600190627.0
161,la ligua,-32.45,-71.23,51.8,81.0,90.0,8.05,CL,1600190627.0
162,smithers,54.78,-127.17,42.8,87.0,40.0,6.93,CA,1600190472.0
163,pundaguitan,6.37,126.17,80.1,83.0,100.0,12.84,PH,1600190473.0
164,torbay,47.67,-52.73,59.0,54.0,90.0,20.8,CA,1600190487.0
165,velizh,55.61,31.2,58.41,95.0,90.0,3.49,RU,1600190628.0
166,marsh harbour,26.54,-77.06,84.02,65.0,6.0,6.64,BS,1600190628.0
167,san patricio,19.22,-104.7,86.0,74.0,75.0,17.22,MX,1600190459.0
168,sanski most,44.77,16.67,80.6,47.0,0.0,2.24,BA,1600190475.0
169,te anau,-45.42,167.72,37.4,86.0,75.0,7.4,NZ,1600190629.0
170,micheweni,-4.97,39.83,77.14,82.0,1.0,12.44,TZ,1600190629.0
171,severo-kurilsk,50.68,156.12,50.97,86.0,36.0,13.51,RU,1600190480.0
172,cap malheureux,-19.98,57.61,64.0,75.0,12.0,5.99,MU,1600190629.0
173,atar,20.52,-13.05,108.77,10.0,40.0,2.57,MR,1600190629.0
174,potam,27.6,-110.38,93.99,59.0,5.0,3.36,MX,1600190629.0
175,nabire,-3.37,135.48,75.43,87.0,100.0,4.23,ID,1600190630.0
176,lavrentiya,65.58,-171.0,44.15,95.0,100.0,14.41,RU,1600190477.0
177,tiarei,-17.53,-149.33,73.4,83.0,20.0,4.7,PF,1600190477.0
178,luderitz,-26.65,15.16,57.87,67.0,0.0,22.3,NA,1600190630.0
179,deputatskiy,69.3,139.9,31.78,98.0,30.0,2.57,RU,1600190460.0
180,sagua la grande,22.81,-80.08,87.8,66.0,40.0,10.29,CU,1600190478.0
181,ribeira grande,38.52,-28.7,69.8,49.0,40.0,8.05,PT,1600190478.0
182,tiznit,29.58,-9.5,87.13,21.0,75.0,8.43,MA,1600190631.0
183,nikolskoye,59.7,30.79,55.0,76.0,12.0,4.47,RU,1600190631.0
184,steinbach,50.17,8.57,86.0,35.0,6.0,4.7,CA,1600190479.0
185,avarua,-21.21,-159.78,71.6,83.0,75.0,10.29,CK,1600190631.0
186,oranjemund,-28.55,16.43,56.53,74.0,0.0,12.97,NA,1600190471.0
187,san isidro,-12.12,-77.05,62.6,77.0,90.0,5.82,PH,1600190542.0
188,barrow,71.29,-156.79,35.6,93.0,90.0,24.16,US,1600190461.0
190,aklavik,68.22,-135.01,39.2,86.0,75.0,11.41,CA,1600190468.0
191,cockburn town,21.46,-71.14,86.0,74.0,40.0,8.05,BS,1600190471.0
192,takoradi,4.88,-1.76,77.43,83.0,32.0,14.29,GH,1600190480.0
193,trinidad,-14.83,-64.9,86.0,48.0,10.0,4.7,UY,1600190632.0
194,zheleznodorozhnyy,55.75,38.0,59.0,62.0,22.0,8.95,RU,1600190632.0
195,lorengau,-2.02,147.27,81.84,78.0,100.0,8.14,PG,1600190460.0
196,narsaq,60.92,-46.05,50.0,37.0,75.0,21.92,GL,1600190371.0
197,westport,41.14,-73.36,66.0,48.0,1.0,8.05,IE,1600190464.0
198,lujiang,31.26,117.28,71.6,88.0,98.0,4.47,CN,1600190633.0
199,la ronge,55.1,-105.28,46.4,81.0,90.0,9.17,CA,1600190471.0
201,north platte,41.12,-100.77,75.99,50.0,1.0,6.93,US,1600190506.0
202,changchun,43.88,125.32,62.6,77.0,40.0,2.24,CN,1600190482.0
203,porto novo,6.5,2.6,75.2,88.0,40.0,4.7,CV,1600190634.0
204,oyama,36.3,139.8,75.99,93.0,40.0,4.7,JP,1600190482.0
205,coronel bogado,-27.18,-56.3,59.0,87.0,100.0,5.82,PY,1600190634.0
206,olafsvik,64.89,-23.71,44.37,71.0,49.0,9.22,IS,1600190387.0
207,bend,44.06,-121.32,64.0,38.0,90.0,4.7,US,1600190634.0
208,tomatlan,19.93,-105.25,90.86,59.0,17.0,3.6,MX,1600190483.0
209,goundam,16.41,-3.67,105.31,16.0,17.0,6.38,ML,1600190635.0
210,mackay,-21.15,149.2,69.8,83.0,75.0,16.11,AU,1600190488.0
211,caxias,38.7,-9.28,75.2,78.0,20.0,9.17,BR,1600190635.0
212,benghazi,32.12,20.07,82.33,60.0,54.0,14.29,LY,1600190337.0
213,provideniya,64.38,-173.3,45.37,92.0,97.0,10.58,RU,1600190484.0
214,vila velha,-20.33,-40.29,80.6,69.0,10.0,16.11,BR,1600190636.0
215,sola,-13.88,167.55,78.71,78.0,100.0,29.86,VU,1600190636.0
216,lompoc,34.64,-120.46,55.4,93.0,90.0,3.36,US,1600190467.0
217,sao filipe,14.9,-24.5,80.28,80.0,40.0,8.95,CV,1600190636.0
218,kovdor,67.57,30.48,40.15,92.0,62.0,2.3,RU,1600190485.0
219,port hardy,50.7,-127.42,60.8,77.0,90.0,10.29,CA,1600190504.0
220,tuatapere,-46.13,167.68,39.99,86.0,77.0,8.01,NZ,1600190486.0
221,bamenda,5.95,10.16,66.24,92.0,99.0,3.29,CM,1600190637.0
223,nome,64.5,-165.41,50.0,93.0,90.0,17.22,US,1600190463.0
224,zeya,53.75,127.27,48.58,88.0,0.0,1.74,RU,1600190637.0
225,edgewater,28.99,-80.9,84.2,83.0,75.0,3.36,US,1600190637.0
226,poum,-20.23,164.02,71.49,75.0,100.0,16.75,NC,1600190487.0
228,portland,45.52,-122.68,68.0,77.0,90.0,5.82,AU,1600190667.0
229,whitianga,-36.83,175.7,54.0,91.0,3.0,3.0,NZ,1600190638.0
230,mar del plata,-38.0,-57.56,62.6,39.0,0.0,20.8,AR,1600190638.0
231,constitucion,-35.33,-72.42,56.37,76.0,99.0,7.85,CL,1600190482.0
232,placido de castro,-10.34,-67.19,101.84,27.0,0.0,3.78,BR,1600190638.0
233,shelburne,44.08,-80.2,64.99,45.0,1.0,10.29,CA,1600190488.0
235,grand gaube,-20.01,57.66,64.0,75.0,16.0,5.99,MU,1600190639.0
237,longyearbyen,78.22,15.64,33.8,74.0,40.0,2.24,SJ,1600190639.0
238,avera,33.19,-82.53,75.2,83.0,90.0,9.17,PF,1600190639.0
239,mount isa,-20.73,139.5,64.4,34.0,0.0,5.82,AU,1600190640.0
240,hamilton,39.18,-84.53,72.0,56.0,1.0,5.82,BM,1600190640.0
241,cabo san lucas,22.89,-109.91,89.01,66.0,5.0,2.24,MX,1600190429.0
242,impfondo,1.64,18.07,77.88,73.0,41.0,2.3,CG,1600190640.0
243,saint-jean-de-maurienne,45.17,6.58,66.0,59.0,86.0,1.99,FR,1600190490.0
244,namibe,-15.2,12.15,65.14,77.0,10.0,10.65,AO,1600190641.0
245,puerto madryn,-42.77,-65.04,57.16,38.0,57.0,21.68,AR,1600190585.0
246,sattahip,12.67,100.9,82.4,83.0,40.0,2.24,TH,1600190491.0
247,qandala,11.47,49.87,90.48,53.0,1.0,1.68,SO,1600190641.0
248,kodiak,57.79,-152.41,53.6,81.0,90.0,13.87,US,1600190491.0
250,sorland,67.67,12.69,46.4,87.0,75.0,5.82,NO,1600190492.0
251,ibra,22.69,58.53,84.6,31.0,58.0,4.07,OM,1600190642.0
253,faya,18.39,42.45,73.4,68.0,40.0,8.05,TD,1600190467.0
254,bubaque,11.28,-15.83,80.89,83.0,26.0,14.36,GW,1600190590.0
255,eenhana,-17.47,16.33,86.0,10.0,0.0,2.24,NA,1600190472.0
256,quipama,5.52,-74.18,74.79,75.0,8.0,3.6,CO,1600190590.0
257,yumen,40.28,97.2,53.6,34.0,100.0,4.79,CN,1600190517.0
258,flinders,-34.58,150.86,61.0,86.0,1.0,1.01,AU,1600190474.0
259,bima,-8.47,118.72,71.28,84.0,69.0,3.56,ID,1600190591.0
260,saint george,37.1,-113.58,82.99,14.0,1.0,3.36,BM,1600190493.0
261,chumikan,54.72,135.31,53.98,93.0,100.0,2.86,RU,1600190591.0
262,saint-joseph,-21.37,55.62,68.0,60.0,75.0,8.05,RE,1600190433.0
265,san francisco,37.77,-122.42,66.99,72.0,20.0,5.82,AR,1600190351.0
266,acari,-15.43,-74.62,74.52,42.0,60.0,11.5,PE,1600190592.0
267,lincoln,40.8,-96.67,75.99,53.0,1.0,16.11,NZ,1600190491.0
268,leningradskiy,69.38,178.42,39.02,92.0,100.0,11.07,RU,1600190592.0
269,santa lucia,27.91,-15.54,78.8,65.0,20.0,23.04,ES,1600190495.0
270,hobyo,5.35,48.53,77.97,81.0,3.0,27.09,SO,1600190495.0
271,hami,42.8,93.45,68.34,21.0,100.0,6.93,CN,1600190495.0
272,kruisfontein,-34.0,24.73,57.0,76.0,81.0,1.99,ZA,1600190496.0
273,naze,28.37,129.48,80.6,88.0,40.0,5.82,JP,1600190644.0
274,airai,-8.93,125.41,54.32,77.0,26.0,3.09,PW,1600190644.0
275,bairiki,1.33,172.98,82.4,74.0,20.0,16.11,KI,1600190496.0
276,haverfordwest,51.8,-4.97,66.0,91.0,71.0,5.99,GB,1600190645.0
277,scarborough,54.28,-0.4,71.01,69.0,98.0,4.72,TT,1600190645.0
278,visina,44.58,25.33,79.0,51.0,0.0,6.87,RO,1600190497.0
279,bethel,41.37,-73.41,63.0,41.0,1.0,3.74,US,1600190645.0
280,pitkyaranta,61.57,31.48,51.21,79.0,5.0,8.19,RU,1600190646.0
281,salinopolis,-0.61,-47.36,82.45,76.0,13.0,16.28,BR,1600190497.0
282,yulara,-25.24,130.99,66.2,32.0,0.0,5.82,AU,1600190646.0
283,maine-soroa,13.21,12.02,87.84,43.0,99.0,5.17,NE,1600190498.0
284,tual,-5.67,132.75,78.66,81.0,85.0,15.48,ID,1600190646.0
285,liverpool,53.41,-2.98,70.0,64.0,100.0,8.05,CA,1600190646.0
286,sa kaeo,13.81,102.07,76.55,92.0,81.0,2.1,TH,1600190647.0
287,egvekinot,66.32,-179.17,40.8,89.0,93.0,16.55,RU,1600190499.0
288,lagoa,39.05,-27.98,65.73,60.0,28.0,15.01,PT,1600190647.0
289,itoman,26.12,127.67,80.6,88.0,20.0,6.93,JP,1600190647.0
290,altay,47.87,88.12,53.49,40.0,100.0,3.0,CN,1600190647.0
291,barra do bugres,-15.07,-57.18,107.6,15.0,16.0,3.42,BR,1600190499.0
292,sal rei,16.18,-22.92,84.2,70.0,40.0,10.29,CV,1600190648.0
293,salamanca,40.83,-6.0,78.8,34.0,20.0,10.29,CL,1600190648.0
294,bambanglipuro,-7.95,110.28,73.4,88.0,71.0,3.15,ID,1600190648.0
295,portmore,17.97,-76.87,91.4,63.0,20.0,11.41,JM,1600190648.0
296,darhan,49.49,105.92,45.43,79.0,90.0,0.16,MN,1600190649.0
297,tazovskiy,67.47,78.7,53.53,83.0,100.0,10.31,RU,1600190501.0
298,guerrero negro,27.98,-114.06,83.48,38.0,0.0,8.95,MX,1600190467.0
299,coquimbo,-29.95,-71.34,55.4,76.0,90.0,6.93,CL,1600190381.0
300,mabaruma,8.2,-59.78,87.06,69.0,95.0,4.34,GY,1600190649.0
301,manga,11.66,-1.07,90.37,62.0,46.0,1.39,BF,1600190650.0
302,montrose,38.42,-108.27,73.0,28.0,1.0,3.85,US,1600190650.0
304,nanortalik,60.14,-45.24,42.89,86.0,100.0,23.04,GL,1600190502.0
305,juneau,58.3,-134.42,46.0,81.0,75.0,2.82,US,1600190628.0
306,nadvoitsy,63.87,34.32,45.81,91.0,51.0,6.91,RU,1600190651.0
307,bonthe,7.53,-12.51,78.01,87.0,88.0,10.33,SL,1600190651.0
308,najran,17.49,44.13,93.2,16.0,40.0,9.17,SA,1600190386.0
309,mount gambier,-37.83,140.77,42.8,100.0,100.0,9.17,AU,1600190651.0
310,wanning,18.8,110.4,81.07,81.0,98.0,1.59,CN,1600190651.0
311,lyuban,52.8,28.0,61.99,83.0,0.0,5.97,RU,1600190652.0
312,san jose,37.34,-121.89,66.99,72.0,90.0,2.8,GT,1600190482.0
313,sao joao da barra,-21.64,-41.05,82.4,58.0,20.0,20.8,BR,1600190453.0
315,mirabela,-16.26,-44.16,89.6,18.0,0.0,13.87,BR,1600190504.0
316,umm lajj,25.02,37.27,87.58,62.0,0.0,6.53,SA,1600190364.0
317,matara,5.95,80.54,78.44,89.0,33.0,8.97,LK,1600190652.0
318,ancud,-41.87,-73.82,43.0,82.0,100.0,5.99,CL,1600190653.0
319,norman wells,65.28,-126.83,39.2,69.0,20.0,12.75,CA,1600190653.0
320,hervey bay,-25.3,152.85,62.01,90.0,1.0,3.0,AU,1600190653.0
321,meadow lake,34.8,-106.54,75.0,45.0,20.0,6.42,CA,1600190653.0
322,margate,51.38,1.39,77.0,71.0,53.0,9.15,ZA,1600190503.0
323,waipawa,-41.41,175.52,51.8,50.0,1.0,16.11,NZ,1600190478.0
324,codrington,-38.27,141.97,43.7,94.0,100.0,6.33,AG,1600190490.0
325,faanui,-16.48,-151.75,77.4,80.0,3.0,19.44,PF,1600190506.0
326,paracuru,-3.41,-39.03,80.01,68.0,44.0,25.99,BR,1600190654.0
327,kailua,21.4,-157.74,79.0,73.0,20.0,3.36,US,1600190654.0
328,metro,-5.11,105.31,74.1,90.0,0.0,4.76,ID,1600190654.0
329,petropavlovsk-kamchatskiy,53.05,158.65,42.8,93.0,6.0,2.24,RU,1600190461.0
330,batemans bay,-35.72,150.18,50.0,97.0,11.0,1.99,AU,1600190655.0
331,coalinga,36.14,-120.36,75.99,36.0,0.0,4.45,US,1600190571.0
332,bilibino,68.05,166.44,34.61,88.0,98.0,0.87,RU,1600190505.0
333,torokszentmiklos,47.18,20.42,82.4,42.0,1.0,4.7,HU,1600190655.0
334,barnbach,47.03,15.85,73.99,70.0,0.0,1.43,AT,1600190656.0
335,marsala,37.8,12.44,84.0,83.0,20.0,10.29,IT,1600190508.0
336,oriximina,-1.77,-55.87,98.62,29.0,22.0,7.07,BR,1600190656.0
337,hohhot,40.81,111.65,50.0,48.0,0.0,4.47,CN,1600190506.0
338,san ramon,37.78,-121.98,69.01,72.0,90.0,3.36,BO,1600190508.0
339,bengkulu,-3.8,102.27,76.17,89.0,97.0,4.47,ID,1600190460.0
340,ostrovnoy,68.05,39.51,44.58,76.0,100.0,17.13,RU,1600190656.0
341,halifax,44.65,-63.57,64.0,51.0,75.0,13.87,CA,1600190431.0
342,katsuura,35.13,140.3,73.99,88.0,75.0,6.93,JP,1600190657.0
343,salinas,36.68,-121.66,62.6,77.0,20.0,2.64,EC,1600190599.0
344,lac du bonnet,50.25,-96.06,60.01,99.0,91.0,11.01,CA,1600190657.0
345,finschhafen,-6.6,147.87,79.07,74.0,32.0,9.84,PG,1600190586.0
346,cayenne,4.93,-52.33,91.4,55.0,16.0,8.05,GF,1600190499.0
347,regina,50.45,-104.62,52.0,71.0,90.0,5.82,CA,1600190385.0
349,iwanai,42.97,140.51,63.05,89.0,100.0,6.93,JP,1600190477.0
351,isangel,-19.55,169.27,69.3,81.0,58.0,15.17,VU,1600190658.0
352,mildura,-34.2,142.15,46.4,70.0,14.0,7.45,AU,1600190511.0
353,inta,66.03,60.17,43.12,91.0,100.0,2.1,RU,1600190658.0
354,daoukro,7.06,-3.96,80.87,86.0,73.0,2.24,CI,1600190511.0
355,iqaluit,63.75,-68.51,44.6,52.0,75.0,20.8,CA,1600190553.0
357,tongliao,43.61,122.27,63.01,91.0,100.0,24.32,CN,1600190512.0
358,esperance,-33.87,121.9,59.0,100.0,90.0,13.87,AU,1600190512.0
359,aurora,39.73,-104.83,81.0,15.0,20.0,5.82,BR,1600190659.0
360,ornskoldsvik,63.29,18.72,50.0,81.0,87.0,5.82,SE,1600190659.0
361,mountain home,43.13,-115.69,68.0,22.0,20.0,4.7,US,1600190660.0
362,arcachon,44.59,-1.05,86.0,51.0,27.0,6.93,FR,1600190660.0
364,aden,12.78,45.04,89.69,64.0,2.0,3.11,YE,1600190660.0
365,bentiu,9.23,29.83,77.52,71.0,7.0,2.77,SD,1600190660.0
366,buala,-8.14,159.59,80.71,76.0,100.0,11.79,SB,1600190661.0
367,mingyue,43.11,128.92,53.47,90.0,100.0,3.44,CN,1600190661.0
368,buraydah,26.33,43.98,95.0,16.0,0.0,6.93,SA,1600190661.0
369,uray,60.12,64.78,49.89,89.0,100.0,6.51,RU,1600190514.0
370,altos,-5.04,-42.46,96.8,30.0,87.0,9.17,BR,1600190514.0
371,dillon,34.42,-79.37,78.01,61.0,1.0,9.17,US,1600190661.0
372,maple creek,49.92,-109.48,58.3,40.0,44.0,3.65,CA,1600190662.0
373,tromso,69.65,18.96,48.2,76.0,75.0,5.82,NO,1600190662.0
374,manyoni,-5.75,34.84,76.8,36.0,19.0,7.61,TZ,1600190662.0
375,broken hill,-31.95,141.43,57.2,41.0,0.0,10.29,AU,1600190493.0
376,la rioja,42.25,-2.5,86.0,30.0,20.0,6.93,AR,1600190663.0
377,manokwari,-0.87,134.08,81.41,70.0,100.0,5.35,ID,1600190663.0
378,lakes entrance,-37.88,147.98,37.99,95.0,20.0,3.74,AU,1600190663.0
379,boa vista,2.82,-60.67,91.4,52.0,75.0,6.93,BR,1600190516.0
380,havre-saint-pierre,50.23,-63.6,53.6,58.0,1.0,23.04,CA,1600190516.0
381,shagonar,51.53,92.8,50.16,61.0,20.0,1.01,RU,1600190516.0
382,burnie,-41.07,145.92,46.99,91.0,100.0,5.99,AU,1600190664.0
383,cairns,-16.92,145.77,69.8,88.0,75.0,8.05,AU,1600190540.0
384,ingham,42.6,-84.38,69.01,63.0,1.0,5.82,AU,1600190488.0
385,xian,34.26,108.93,73.0,93.0,10.0,2.24,CN,1600190664.0
386,morondava,-20.28,44.28,75.58,85.0,0.0,10.8,MG,1600190664.0
387,lieksa,63.32,30.02,49.68,73.0,1.0,7.4,FI,1600190664.0
388,acurenam,1.03,10.65,70.57,95.0,95.0,5.41,GQ,1600190665.0
389,port arthur,38.8,121.27,69.8,88.0,75.0,8.95,US,1600190665.0
390,kazachinskoye,57.7,93.28,49.55,89.0,61.0,5.37,RU,1600190665.0
393,domoni,-12.26,44.53,75.11,77.0,18.0,3.76,KM,1600190519.0
394,urumqi,43.8,87.6,60.8,67.0,75.0,8.95,CN,1600190666.0
395,klaksvik,62.23,-6.59,49.59,82.0,49.0,3.18,FO,1600190666.0
396,ponta pora,-22.54,-55.73,80.6,51.0,55.0,9.17,BR,1600190666.0
397,kavaratti,10.57,72.64,81.88,81.0,32.0,17.6,IN,1600190667.0
399,krasnyy oktyabr,56.12,38.88,48.4,78.0,18.0,7.14,RU,1600190667.0
400,luganville,-15.53,167.17,76.01,81.0,100.0,14.94,VU,1600190667.0
401,hasaki,35.73,140.83,70.0,94.0,75.0,8.05,JP,1600190668.0
402,ulladulla,-35.35,150.47,50.0,100.0,0.0,4.41,AU,1600190481.0
403,castrovillari,39.82,16.21,75.0,62.0,100.0,1.01,IT,1600190668.0
404,nong kung si,16.65,103.3,77.0,100.0,20.0,3.36,TH,1600190668.0
405,krasnoselkup,65.7,82.47,50.97,79.0,14.0,11.32,RU,1600190472.0
406,vao,-22.67,167.48,68.94,71.0,22.0,19.1,NC,1600190668.0
407,beihai,21.48,109.1,83.61,80.0,11.0,8.23,CN,1600190669.0
409,korla,41.76,86.15,71.01,67.0,80.0,3.0,CN,1600190669.0
410,poya,-21.35,165.15,64.67,80.0,65.0,4.61,NC,1600190669.0
411,sinjar,36.32,41.88,87.51,15.0,0.0,9.86,IQ,1600190669.0
412,quebrangulo,-9.32,-36.47,82.11,49.0,29.0,14.58,BR,1600190670.0
413,lagos,6.58,3.75,73.4,94.0,75.0,4.7,NG,1600190642.0
414,kayankulam,9.18,76.5,77.76,90.0,99.0,7.49,IN,1600190670.0
415,zhovti vody,48.35,33.5,69.8,52.0,0.0,6.71,UA,1600190670.0
416,ipixuna,-1.76,-48.8,91.4,52.0,75.0,9.17,BR,1600190671.0
417,vallenar,-28.57,-70.76,72.5,33.0,27.0,6.98,CL,1600190533.0
418,odweyne,9.41,45.06,79.07,52.0,29.0,16.13,SO,1600190671.0
419,fortuna,40.6,-124.16,66.99,77.0,1.0,8.05,US,1600190671.0
420,general roca,-39.03,-67.58,68.0,32.0,100.0,11.41,AR,1600190671.0
421,port hedland,-20.32,118.57,71.6,73.0,9.0,6.93,AU,1600190671.0
422,izumo,35.37,132.77,69.8,88.0,75.0,2.24,JP,1600190672.0
423,murud,18.33,72.97,79.32,85.0,99.0,2.48,IN,1600190672.0
424,gao,16.64,1.64,105.37,10.0,9.0,14.47,ML,1600190672.0
425,port blair,11.67,92.75,82.42,76.0,98.0,11.21,IN,1600190479.0
426,fare,-16.7,-151.02,78.15,76.0,1.0,17.76,PF,1600190672.0
427,emerald,-23.53,148.17,62.6,77.0,0.0,5.82,AU,1600190525.0
428,alihe,50.57,123.72,46.71,76.0,98.0,3.2,CN,1600190673.0
429,nanakuli,21.39,-158.15,75.0,78.0,1.0,3.36,US,1600190673.0
430,shimoda,34.67,138.95,68.0,95.0,57.0,4.7,JP,1600190526.0
431,kiama,-34.68,150.87,61.0,83.0,2.0,7.0,AU,1600190673.0
432,kautokeino,69.01,23.04,40.91,82.0,100.0,4.72,NO,1600190526.0
433,nara,34.69,135.8,75.0,52.0,91.0,2.04,ML,1600190674.0
434,santa maria,-29.68,-53.81,57.2,62.0,100.0,12.75,CV,1600190663.0
435,tura,25.52,90.22,74.19,96.0,98.0,3.78,RU,1600190527.0
436,bermeo,43.42,-2.72,75.2,83.0,20.0,9.17,ES,1600190674.0
437,biak,-0.91,122.88,74.3,79.0,86.0,6.08,ID,1600190674.0
438,nantucket,41.28,-70.1,64.4,52.0,20.0,16.11,US,1600190466.0
440,hovd,48.01,91.64,49.37,47.0,22.0,1.05,MN,1600190528.0
441,fairbanks,64.84,-147.72,51.01,81.0,90.0,5.82,US,1600190667.0
442,richards bay,-28.78,32.04,65.21,72.0,79.0,6.64,ZA,1600190528.0
443,pisco,-13.7,-76.22,66.99,77.0,20.0,8.05,PE,1600190473.0
444,mandalgovi,45.76,106.27,38.64,75.0,0.0,12.12,MN,1600190675.0
445,rincon,32.3,-81.24,82.99,69.0,90.0,12.75,AN,1600190529.0
446,poyarkovo,49.6,128.68,54.66,89.0,78.0,1.63,RU,1600190529.0
447,yekaterinoslavka,50.37,129.11,53.76,91.0,60.0,3.38,RU,1600190676.0
448,thomasville,35.88,-80.08,75.0,63.0,1.0,1.01,US,1600190676.0
449,severo-yeniseyskiy,60.37,93.04,44.44,95.0,85.0,3.24,RU,1600190676.0
450,verkhoyansk,67.54,133.38,38.77,85.0,14.0,2.77,RU,1600190530.0
451,prince rupert,54.32,-130.32,55.4,93.0,1.0,3.2,CA,1600190677.0
452,mnogovershinnyy,53.94,139.92,51.66,98.0,98.0,1.83,RU,1600190677.0
454,tastur,36.55,9.44,87.8,40.0,40.0,4.7,TN,1600190677.0
455,pangnirtung,66.15,-65.71,41.0,65.0,40.0,10.29,CA,1600190678.0
456,arica,-18.48,-70.3,66.2,68.0,75.0,12.75,CL,1600190529.0
457,tiksi,71.69,128.87,37.65,91.0,1.0,1.66,RU,1600190678.0
458,evensk,61.95,159.23,41.22,76.0,97.0,3.22,RU,1600190678.0
460,sobolevo,54.43,31.9,59.77,89.0,78.0,6.38,RU,1600190532.0
461,umea,63.83,20.26,53.01,81.0,84.0,6.93,SE,1600190679.0
462,toguchin,55.24,84.39,52.68,81.0,86.0,5.44,RU,1600190679.0
464,mantua,45.17,10.78,82.4,42.0,31.0,3.36,CU,1600190679.0
465,auriflama,-20.69,-50.55,97.72,16.0,0.0,9.62,BR,1600190679.0
466,konotop,51.24,33.2,60.85,86.0,52.0,7.4,UA,1600190680.0
467,sabha,27.04,14.43,90.99,19.0,0.0,11.65,LY,1600190680.0
468,porto walter,-8.27,-72.74,85.28,72.0,62.0,5.7,BR,1600190680.0
469,marawi,8.0,124.29,75.99,92.0,100.0,3.0,SD,1600190680.0
470,krasnoarmeysk,51.02,45.7,57.99,44.0,40.0,5.99,KZ,1600190681.0
471,acapulco,16.86,-99.89,82.4,83.0,75.0,5.82,MX,1600190534.0
472,labuhan,-6.88,112.21,77.27,74.0,58.0,8.75,ID,1600190681.0
473,padang,-0.95,100.35,78.33,78.0,72.0,3.11,ID,1600190534.0
474,palmer,42.16,-72.33,66.0,38.0,40.0,3.36,US,1600190385.0
475,sioux lookout,50.1,-91.92,53.6,76.0,75.0,6.93,CA,1600190681.0
476,price,39.6,-110.81,71.6,17.0,1.0,3.36,US,1600190682.0
477,hofn,64.25,-15.21,51.4,59.0,0.0,7.25,IS,1600190682.0
478,los llanos de aridane,28.66,-17.92,77.0,78.0,75.0,10.29,ES,1600190535.0
480,arlit,18.74,7.39,106.12,8.0,22.0,21.74,NE,1600190682.0
481,xiongzhou,25.12,114.3,76.75,86.0,95.0,2.1,CN,1600190683.0
482,port lincoln,-34.73,135.87,55.44,80.0,100.0,10.38,AU,1600190683.0
483,blagoyevo,63.37,47.92,45.14,93.0,92.0,6.22,RU,1600190683.0
484,calabozo,8.92,-67.43,87.22,70.0,9.0,4.09,VE,1600190683.0
485,sitka,57.05,-135.33,48.2,81.0,1.0,1.57,US,1600190388.0
486,sao miguel do araguaia,-13.28,-50.16,101.12,16.0,0.0,8.1,BR,1600190537.0
487,asau,46.43,26.4,62.01,84.0,75.0,4.05,TV,1600190684.0
489,bethanien,-26.5,17.16,61.7,28.0,0.0,12.19,NA,1600190684.0
490,puerto baquerizo moreno,-0.9,-89.6,66.76,87.0,83.0,13.11,EC,1600190557.0
491,accra,5.56,-0.2,78.8,83.0,20.0,18.34,GH,1600190684.0
492,byron bay,-28.65,153.62,55.99,93.0,40.0,2.77,AU,1600190538.0
493,atasu,48.68,71.64,60.69,46.0,85.0,9.08,KZ,1600190685.0
494,port keats,-14.25,129.55,79.14,75.0,69.0,5.73,AU,1600190685.0
495,maumere,-8.62,122.21,76.1,71.0,30.0,2.19,ID,1600190539.0
496,touros,-5.2,-35.46,86.0,58.0,40.0,16.11,BR,1600190685.0
497,kendal,54.33,-2.75,70.0,72.0,94.0,1.01,GB,1600190685.0
498,bondo,3.81,23.69,72.57,94.0,90.0,0.89,CD,1600190686.0
499,sedhiou,12.71,-15.56,89.87,67.0,16.0,5.44,SN,1600190686.0
500,freetown,8.48,-13.23,80.6,78.0,75.0,11.41,AG,1600190686.0
501,ritchie,-29.04,24.6,60.8,17.0,0.0,8.05,ZA,1600190686.0
502,maues,-3.38,-57.72,101.95,25.0,42.0,4.85,BR,1600190686.0
503,caraquet,47.79,-64.94,62.01,44.0,1.0,9.17,CA,1600190541.0
504,jaru,-10.44,-62.47,107.69,10.0,0.0,5.17,BR,1600190549.0
506,dragomiresti,44.92,25.33,78.01,52.0,0.0,6.67,RO,1600190687.0
507,sur,22.57,59.53,82.78,64.0,75.0,4.61,OM,1600190687.0
508,masallatah,32.62,14.0,75.0,78.0,86.0,21.52,LY,1600190542.0
511,la romana,18.43,-68.97,87.98,65.0,40.0,6.93,DO,1600190415.0
512,aksu,41.12,80.26,68.47,33.0,8.0,7.45,CN,1600190688.0
513,vila,42.03,-8.16,73.0,66.0,95.0,10.0,VU,1600190517.0
514,taksimo,56.34,114.88,49.48,81.0,100.0,2.33,RU,1600190688.0
515,den helder,52.96,4.76,81.0,88.0,39.0,6.93,NL,1600190456.0
516,vila franca do campo,37.72,-25.43,69.8,43.0,20.0,10.29,PT,1600190396.0
517,vestmannaeyjar,63.44,-20.27,48.2,70.0,1.0,12.75,IS,1600190689.0
518,sangar,63.92,127.47,38.91,89.0,0.0,1.5,RU,1600190689.0
519,kahului,20.89,-156.47,75.99,64.0,40.0,6.93,US,1600190689.0
520,suraabad,40.82,49.47,73.4,56.0,60.0,2.15,AZ,1600190689.0
521,soller,39.77,2.72,82.99,74.0,34.0,6.93,ES,1600190690.0
522,nioki,-2.72,17.68,83.53,61.0,100.0,1.59,CD,1600190544.0
523,kushmurun,52.45,64.63,51.67,68.0,95.0,21.59,KZ,1600190690.0
524,vostok,46.49,135.88,50.49,87.0,64.0,1.32,RU,1600190690.0
525,haapiti,-17.57,-149.87,77.0,78.0,20.0,14.54,PF,1600190690.0
526,abu dhabi,24.47,54.37,91.4,63.0,40.0,8.05,AE,1600190545.0
527,mecca,21.43,39.83,90.46,52.0,60.0,3.74,SA,1600190691.0
528,ocos,14.51,-92.19,87.8,66.0,75.0,4.7,GT,1600190691.0
530,baracoa,20.35,-74.5,87.01,62.0,17.0,6.67,CU,1600190691.0
531,muisne,0.6,-80.03,82.4,78.0,90.0,8.05,EC,1600190692.0
532,yerbogachen,61.28,108.01,43.34,84.0,3.0,1.05,RU,1600190692.0
533,haines junction,60.75,-137.51,43.56,60.0,64.0,1.3,CA,1600190692.0
534,verkhnevilyuysk,63.45,120.32,43.16,95.0,20.0,3.15,RU,1600190547.0
535,elliot lake,46.38,-82.63,64.4,68.0,1.0,20.8,CA,1600190436.0
537,sebastian,35.17,-94.27,80.6,57.0,1.0,8.05,US,1600190693.0
538,sibolga,1.74,98.78,76.48,80.0,91.0,3.71,ID,1600190693.0
539,yeppoon,-23.13,150.73,64.4,77.0,75.0,8.05,AU,1600190462.0
540,bodden town,19.28,-81.25,91.4,75.0,20.0,5.82,KY,1600190548.0
541,chapais,49.78,-74.85,48.2,70.0,90.0,11.41,CA,1600190548.0
542,bonavista,48.65,-53.11,55.8,56.0,1.0,15.52,CA,1600190694.0
543,dengzhou,37.81,120.75,70.23,86.0,98.0,16.08,CN,1600190549.0
544,hailey,43.52,-114.32,63.0,30.0,5.0,13.87,US,1600190549.0
545,camacha,33.08,-16.33,75.2,64.0,20.0,6.93,PT,1600190497.0
546,lerwick,60.15,-1.15,53.6,100.0,90.0,16.11,GB,1600190509.0
547,harrison,30.41,-89.04,79.0,78.0,90.0,21.92,US,1600190474.0
548,north port,27.04,-82.24,86.0,79.0,1.0,8.05,US,1600190488.0
549,noumea,-22.28,166.46,64.4,68.0,17.0,2.24,NC,1600190695.0
550,alofi,-19.06,-169.92,71.6,94.0,96.0,11.41,NU,1600190695.0
551,ust-barguzin,53.45,108.98,43.95,84.0,0.0,2.66,RU,1600190695.0
552,silopi,37.25,42.47,82.4,15.0,0.0,4.59,TR,1600190695.0
555,glendive,47.11,-104.71,60.8,51.0,20.0,5.21,US,1600190431.0
556,launceston,-41.45,147.17,48.0,87.0,99.0,14.99,AU,1600190551.0
557,fiche,9.8,38.73,50.88,97.0,42.0,4.9,ET,1600190696.0
558,moose factory,51.26,-80.61,55.4,62.0,40.0,6.93,CA,1600190696.0
559,quatre cocos,-20.21,57.76,66.2,77.0,75.0,19.46,MU,1600190696.0
560,cabedelo,-6.98,-34.83,82.4,65.0,40.0,16.11,BR,1600190597.0
561,ust-tsilma,65.44,52.15,48.22,93.0,91.0,6.82,RU,1600190697.0
562,college,64.86,-147.8,51.01,70.0,90.0,3.36,US,1600190697.0
563,coihueco,-36.62,-71.83,60.8,67.0,75.0,8.05,CL,1600190697.0
564,palana,59.12,159.97,42.51,95.0,82.0,5.44,RU,1600190552.0
565,rocha,-34.48,-54.33,60.28,52.0,0.0,8.46,UY,1600190698.0
566,naron,43.52,-8.15,73.99,70.0,75.0,4.0,ES,1600190698.0
567,berlevag,70.86,29.09,44.6,86.0,43.0,3.36,NO,1600190698.0
568,dunedin,-45.87,170.5,45.0,62.0,41.0,4.0,NZ,1600190698.0
569,hualmay,-11.1,-77.61,67.06,66.0,43.0,10.51,PE,1600190554.0
570,mahajanga,-15.72,46.32,77.0,73.0,20.0,8.05,MG,1600190554.0
571,sibu,2.3,111.82,73.4,100.0,40.0,5.82,MY,1600190699.0
572,fort nelson,58.81,-122.7,37.4,93.0,75.0,2.24,CA,1600190494.0
573,farafangana,-22.82,47.83,69.82,83.0,46.0,11.07,MG,1600190699.0
574,kodama,36.18,139.13,70.0,98.0,83.0,3.83,JP,1600190699.0
575,cardston,49.2,-113.3,53.01,76.0,75.0,4.7,CA,1600190555.0
576,hauterive,46.09,3.45,89.6,28.0,22.0,4.7,CA,1600190700.0
577,hay river,60.82,-115.8,39.2,55.0,75.0,9.17,CA,1600190548.0
578,adrar,20.5,-10.07,107.64,10.0,22.0,6.89,DZ,1600190410.0
579,bathsheba,13.22,-59.52,89.6,66.0,40.0,19.46,BB,1600190555.0
580,soanierana ivongo,-16.92,49.58,68.45,82.0,61.0,5.3,MG,1600190700.0
581,okhotsk,59.38,143.3,49.84,57.0,43.0,12.17,RU,1600190700.0
582,penalva,-3.29,-45.17,97.66,27.0,77.0,4.88,BR,1600190701.0
583,bud,39.45,-86.18,71.01,52.0,1.0,4.7,NO,1600190556.0
584,kununurra,-15.77,128.73,73.4,73.0,58.0,9.51,AU,1600190701.0
585,dabat,12.98,37.77,53.11,98.0,72.0,4.21,ET,1600190701.0
586,nambucca heads,-30.65,153.0,57.2,93.0,40.0,4.68,AU,1600190701.0
587,valdivia,-39.81,-73.25,53.6,76.0,75.0,5.82,CL,1600190702.0
588,mancheral,18.87,79.43,80.19,86.0,100.0,3.22,IN,1600190702.0
589,axim,4.87,-2.24,77.25,84.0,67.0,13.13,GH,1600190702.0
590,safranbolu,41.25,32.69,67.3,62.0,0.0,2.8,TR,1600190558.0
591,amapa,1.0,-52.0,92.82,40.0,37.0,4.18,BR,1600190703.0
592,san martin,-33.08,-68.47,73.4,16.0,0.0,5.82,AR,1600190558.0
593,talara,-4.58,-81.27,77.0,61.0,46.0,14.99,PE,1600190703.0
594,sisimiut,66.94,-53.67,40.73,68.0,99.0,5.14,GL,1600190703.0
595,alfeld,51.98,9.82,80.01,67.0,58.0,1.05,DE,1600190704.0
596,beaumont,30.09,-94.1,91.4,59.0,1.0,9.17,CA,1600190649.0
597,tautira,-17.73,-149.15,77.0,78.0,20.0,13.2,PF,1600190704.0
598,tecoanapa,16.52,-98.75,79.16,83.0,99.0,8.1,MX,1600190493.0
599,salacgriva,57.75,24.36,57.99,95.0,62.0,3.24,LV,1600190704.0
